Percentile	0.0	25.0	50.0	75.0	100.0	0.0	25.0	50.0	75.0	100.0
Group	AD	AD	AD	AD	AD	C	C	C	C	C
d__Archaea;p__Euryarchaeota;c__Methanobacteria;o__Methanobacteriales;f__Methanobacteriaceae;g__Methanobrevibacter;__	1.0	1.0	1.0	1.0	10514.0	1.0	1.0	1.0	1.0	349.0
d__Bacteria;p__Actinobacteriota;c__Actinobacteria;o__Actinomycetales;f__Actinomycetaceae;g__Actinomyces;__	1.0	1.0	1.0	1.0	125.0	1.0	1.0	1.0	1.0	58.0
d__Bacteria;p__Actinobacteriota;c__Actinobacteria;o__Actinomycetales;f__Actinomycetaceae;g__Actinomyces;s__Actinomyces_lingnae	1.0	1.0	1.0	1.0	39.0	1.0	1.0	1.0	1.0	45.0
d__Bacteria;p__Actinobacteriota;c__Actinobacteria;o__Actinomycetales;f__Actinomycetaceae;g__Actinomyces;s__Schaalia_cardiffensis	1.0	1.0	1.0	1.0	109.0	1.0	1.0	1.0	1.0	1.0
d__Bacteria;p__Actinobacteriota;c__Actinobacteria;o__Actinomycetales;f__Actinomycetaceae;g__Actinomyces;s__Schaalia_odontolytica	1.0	1.0	1.0	14.0	576.0	1.0	1.0	1.0	1.0	493.0
d__Bacteria;p__Actinobacteriota;c__Actinobacteria;o__Actinomycetales;f__Actinomycetaceae;g__Actinomyces;s__Schaalia_turicensis	1.0	1.0	1.0	1.0	172.0	1.0	1.0	1.0	1.0	1.0
d__Bacteria;p__Actinobacteriota;c__Actinobacteria;o__Bifidobacteriales;f__Bifidobacteriaceae;g__Alloscardovia;s__Alloscardovia_omnicolens	1.0	1.0	1.0	1.0	109.0	1.0	1.0	1.0	1.0	7.0
d__Bacteria;p__Actinobacteriota;c__Actinobacteria;o__Bifidobacteriales;f__Bifidobacteriaceae;g__Bifidobacterium;__	1.0	1.0	33.0	1159.0	17095.0	1.0	1.0	37.0	348.0	7681.0
d__Bacteria;p__Actinobacteriota;c__Actinobacteria;o__Bifidobacteriales;f__Bifidobacteriaceae;g__Bifidobacterium;s__Bifidobacterium_bifidum	1.0	1.0	1.0	1.0	740.0	1.0	1.0	1.0	1.0	231.0
d__Bacteria;p__Actinobacteriota;c__Actinobacteria;o__Bifidobacteriales;f__Bifidobacteriaceae;g__Bifidobacterium;s__Bifidobacterium_breve	1.0	1.0	1.0	1.0	16961.0	1.0	1.0	1.0	1.0	102.0
d__Bacteria;p__Actinobacteriota;c__Actinobacteria;o__Bifidobacteriales;f__Bifidobacteriaceae;g__Bifidobacterium;s__Bifidobacterium_dentium	1.0	1.0	1.0	34.75	9951.0	1.0	1.0	1.0	28.0	6251.0
d__Bacteria;p__Actinobacteriota;c__Actinobacteria;o__Bifidobacteriales;f__Bifidobacteriaceae;g__Bifidobacterium;s__Bifidobacterium_longum	1.0	10.75	145.5	978.25	25116.0	1.0	1.0	1.0	84.5	1804.0
d__Bacteria;p__Actinobacteriota;c__Actinobacteria;o__Bifidobacteriales;f__Bifidobacteriaceae;g__Bifidobacterium;s__Bifidobacterium_pullorum	1.0	1.0	1.0	1.0	571.0	1.0	1.0	1.0	1.0	1.0
d__Bacteria;p__Actinobacteriota;c__Actinobacteria;o__Bifidobacteriales;f__Bifidobacteriaceae;g__Scardovia;s__Scardovia_wiggsiae	1.0	1.0	1.0	1.0	49.0	1.0	1.0	1.0	1.0	13.0
d__Bacteria;p__Actinobacteriota;c__Actinobacteria;o__Corynebacteriales;f__Corynebacteriaceae;g__Corynebacterium;__	1.0	1.0	1.0	1.0	6519.0	1.0	1.0	1.0	1.0	1.0
d__Bacteria;p__Actinobacteriota;c__Actinobacteria;o__Corynebacteriales;f__Corynebacteriaceae;g__Corynebacterium;s__Corynebacterium_argentoratense	1.0	1.0	1.0	1.0	15.0	1.0	1.0	1.0	1.0	3.0
d__Bacteria;p__Actinobacteriota;c__Actinobacteria;o__Corynebacteriales;f__Corynebacteriaceae;g__Corynebacterium;s__Corynebacterium_striatum	1.0	1.0	1.0	1.0	54.0	1.0	1.0	1.0	1.0	1.0
d__Bacteria;p__Actinobacteriota;c__Actinobacteria;o__Corynebacteriales;f__Corynebacteriaceae;g__Lawsonella;__	1.0	1.0	1.0	1.0	19.0	1.0	1.0	1.0	1.0	1.0
d__Bacteria;p__Actinobacteriota;c__Actinobacteria;o__Micrococcales;f__Microbacteriaceae;__;__	1.0	1.0	1.0	1.0	48.0	1.0	1.0	1.0	1.0	9.0
d__Bacteria;p__Actinobacteriota;c__Actinobacteria;o__Micrococcales;f__Micrococcaceae;g__Nesterenkonia;s__Nesterenkonia_sp.	1.0	1.0	1.0	1.0	69.0	1.0	1.0	1.0	1.0	5.0
d__Bacteria;p__Actinobacteriota;c__Actinobacteria;o__Micrococcales;f__Micrococcaceae;g__Rothia;__	1.0	1.0	1.0	1.0	423.0	1.0	1.0	1.0	1.0	124.0
d__Bacteria;p__Actinobacteriota;c__Coriobacteriia;o__Coriobacteriales;__;__;__	1.0	1.0	1.0	1.0	122.0	1.0	1.0	1.0	1.0	88.0
d__Bacteria;p__Actinobacteriota;c__Coriobacteriia;o__Coriobacteriales;f__Atopobiaceae;__;__	1.0	1.0	1.0	1.0	14.0	1.0	1.0	1.0	1.0	6.0
d__Bacteria;p__Actinobacteriota;c__Coriobacteriia;o__Coriobacteriales;f__Atopobiaceae;g__Atopobium;__	1.0	1.0	1.0	1.0	201.0	1.0	1.0	1.0	1.0	39.0
d__Bacteria;p__Actinobacteriota;c__Coriobacteriia;o__Coriobacteriales;f__Atopobiaceae;g__Olsenella;__	1.0	1.0	1.0	1.0	2060.0	1.0	1.0	1.0	1.0	30.0
d__Bacteria;p__Actinobacteriota;c__Coriobacteriia;o__Coriobacteriales;f__Atopobiaceae;g__Olsenella;s__Olsenella_sp.	1.0	1.0	1.0	1.0	176.0	1.0	1.0	1.0	1.0	9.0
d__Bacteria;p__Actinobacteriota;c__Coriobacteriia;o__Coriobacteriales;f__Atopobiaceae;g__Olsenella;s__Olsenella_uli	1.0	1.0	1.0	1.0	28.0	1.0	1.0	1.0	1.0	31.0
d__Bacteria;p__Actinobacteriota;c__Coriobacteriia;o__Coriobacteriales;f__Coriobacteriaceae;g__Collinsella;__	1.0	9.75	87.5	388.5	12043.0	1.0	2.5	54.0	242.0	3147.0
d__Bacteria;p__Actinobacteriota;c__Coriobacteriia;o__Coriobacteriales;f__Coriobacteriaceae;g__Collinsella;s__Collinsella_tanakaei	1.0	1.0	1.0	1.0	1961.0	1.0	1.0	1.0	1.0	190.0
d__Bacteria;p__Actinobacteriota;c__Coriobacteriia;o__Coriobacteriales;f__Coriobacteriaceae;g__Collinsella;s___Collinsella__massiliensis	1.0	1.0	1.0	1.0	292.0	1.0	1.0	1.0	1.0	34.0
d__Bacteria;p__Actinobacteriota;c__Coriobacteriia;o__Coriobacteriales;f__Coriobacteriaceae;g__Enorma;__	1.0	1.0	1.0	1.0	967.0	1.0	1.0	1.0	1.0	45.0
d__Bacteria;p__Actinobacteriota;c__Coriobacteriia;o__Coriobacteriales;f__Coriobacteriaceae;g__Enorma;s__Enorma_phocaeensis	1.0	1.0	1.0	1.0	717.0	1.0	1.0	1.0	1.0	1.0
d__Bacteria;p__Actinobacteriota;c__Coriobacteriia;o__Coriobacteriales;f__Coriobacteriales_Incertae_Sedis;__;__	1.0	1.0	1.0	1.0	384.0	1.0	1.0	1.0	8.0	325.0
d__Bacteria;p__Actinobacteriota;c__Coriobacteriia;o__Coriobacteriales;f__Coriobacteriales_Incertae_Sedis;g__Raoultibacter;__	1.0	1.0	1.0	1.0	98.0	1.0	1.0	1.0	1.0	13.0
d__Bacteria;p__Actinobacteriota;c__Coriobacteriia;o__Coriobacteriales;f__Coriobacteriales_Incertae_Sedis;g__Raoultibacter;s__Raoultibacter_massiliensis	1.0	1.0	1.0	1.0	26.0	1.0	1.0	1.0	1.0	18.0
d__Bacteria;p__Actinobacteriota;c__Coriobacteriia;o__Coriobacteriales;f__Eggerthellaceae;__;__	1.0	1.0	1.0	1.0	23.0	1.0	1.0	1.0	1.0	9.0
d__Bacteria;p__Actinobacteriota;c__Coriobacteriia;o__Coriobacteriales;f__Eggerthellaceae;g__Adlercreutzia;__	1.0	1.0	1.0	10.0	137.0	1.0	1.0	1.0	17.0	591.0
d__Bacteria;p__Actinobacteriota;c__Coriobacteriia;o__Coriobacteriales;f__Eggerthellaceae;g__CHKCI002;__	1.0	1.0	1.0	1.0	110.0	1.0	1.0	1.0	1.0	216.0
d__Bacteria;p__Actinobacteriota;c__Coriobacteriia;o__Coriobacteriales;f__Eggerthellaceae;g__CHKCI002;s__Coriobacteriaceae_bacterium	1.0	1.0	1.0	1.0	39.0	1.0	1.0	1.0	1.0	1.0
d__Bacteria;p__Actinobacteriota;c__Coriobacteriia;o__Coriobacteriales;f__Eggerthellaceae;g__Cryptobacterium;__	1.0	1.0	1.0	1.0	11.0	1.0	1.0	1.0	1.0	5.0
d__Bacteria;p__Actinobacteriota;c__Coriobacteriia;o__Coriobacteriales;f__Eggerthellaceae;g__Eggerthella;__	1.0	1.0	11.5	62.25	487.0	1.0	1.0	1.0	10.0	113.0
d__Bacteria;p__Actinobacteriota;c__Coriobacteriia;o__Coriobacteriales;f__Eggerthellaceae;g__Enterorhabdus;__	1.0	1.0	1.0	1.0	57.0	1.0	1.0	1.0	1.0	672.0
d__Bacteria;p__Actinobacteriota;c__Coriobacteriia;o__Coriobacteriales;f__Eggerthellaceae;g__Gordonibacter;s__Gordonibacter_pamelaeae	1.0	1.0	1.0	11.0	111.0	1.0	1.0	1.0	1.0	37.0
d__Bacteria;p__Actinobacteriota;c__Coriobacteriia;o__Coriobacteriales;f__Eggerthellaceae;g__Gordonibacter;s__Gordonibacter_urolithinfaciens	1.0	1.0	1.0	1.0	32.0	1.0	1.0	1.0	1.0	21.0
d__Bacteria;p__Actinobacteriota;c__Coriobacteriia;o__Coriobacteriales;f__Eggerthellaceae;g__Paraeggerthella;__	1.0	1.0	1.0	1.0	9.0	1.0	1.0	1.0	1.0	401.0
d__Bacteria;p__Actinobacteriota;c__Coriobacteriia;o__Coriobacteriales;f__Eggerthellaceae;g__Senegalimassilia;__	1.0	1.0	1.0	1.0	531.0	1.0	1.0	1.0	1.0	275.0
d__Bacteria;p__Actinobacteriota;c__Coriobacteriia;o__Coriobacteriales;f__Eggerthellaceae;g__Slackia;__	1.0	1.0	1.0	1.0	386.0	1.0	1.0	1.0	1.0	12.0
d__Bacteria;p__Actinobacteriota;c__Coriobacteriia;o__Coriobacteriales;f__Eggerthellaceae;g__Slackia;s__Slackia_exigua	1.0	1.0	1.0	1.0	26.0	1.0	1.0	1.0	1.0	12.0
d__Bacteria;p__Actinobacteriota;c__Coriobacteriia;o__Coriobacteriales;f__Eggerthellaceae;g__Slackia;s__Slackia_piriformis	1.0	1.0	1.0	1.0	407.0	1.0	1.0	1.0	1.0	146.0
d__Bacteria;p__Bacteroidota;c__Bacteroidia;o__Bacteroidales;__;__;__	1.0	1.0	1.0	1.0	30.0	1.0	1.0	1.0	1.0	59.0
d__Bacteria;p__Bacteroidota;c__Bacteroidia;o__Bacteroidales;f__Bacteroidaceae;g__Bacteroides;__	1.0	9.0	112.0	722.0	8367.0	1.0	28.5	159.0	457.5	7215.0
d__Bacteria;p__Bacteroidota;c__Bacteroidia;o__Bacteroidales;f__Bacteroidaceae;g__Bacteroides;s__Bacteroides_caccae	1.0	1.0	1.0	1.0	94.0	1.0	1.0	1.0	1.0	8.0
d__Bacteria;p__Bacteroidota;c__Bacteroidia;o__Bacteroidales;f__Bacteroidaceae;g__Bacteroides;s__Bacteroides_cellulosilyticus	1.0	1.0	1.0	1.0	542.0	1.0	1.0	1.0	1.0	272.0
d__Bacteria;p__Bacteroidota;c__Bacteroidia;o__Bacteroidales;f__Bacteroidaceae;g__Bacteroides;s__Bacteroides_clarus	1.0	1.0	1.0	1.0	200.0	1.0	1.0	1.0	1.0	15.0
d__Bacteria;p__Bacteroidota;c__Bacteroidia;o__Bacteroidales;f__Bacteroidaceae;g__Bacteroides;s__Bacteroides_coprocola	1.0	1.0	1.0	1.0	300.0	1.0	1.0	1.0	1.0	746.0
d__Bacteria;p__Bacteroidota;c__Bacteroidia;o__Bacteroidales;f__Bacteroidaceae;g__Bacteroides;s__Bacteroides_coprophilus	1.0	1.0	1.0	1.0	16.0	1.0	1.0	1.0	1.0	43.0
d__Bacteria;p__Bacteroidota;c__Bacteroidia;o__Bacteroidales;f__Bacteroidaceae;g__Bacteroides;s__Bacteroides_dorei	1.0	1.0	1.0	2.5	6443.0	1.0	1.0	1.0	1.0	4223.0
d__Bacteria;p__Bacteroidota;c__Bacteroidia;o__Bacteroidales;f__Bacteroidaceae;g__Bacteroides;s__Bacteroides_eggerthii	1.0	1.0	1.0	1.0	400.0	1.0	1.0	1.0	1.0	309.0
d__Bacteria;p__Bacteroidota;c__Bacteroidia;o__Bacteroidales;f__Bacteroidaceae;g__Bacteroides;s__Bacteroides_faecis	1.0	1.0	1.0	1.0	11.0	1.0	1.0	1.0	1.0	20.0
d__Bacteria;p__Bacteroidota;c__Bacteroidia;o__Bacteroidales;f__Bacteroidaceae;g__Bacteroides;s__Bacteroides_finegoldii	1.0	1.0	1.0	1.0	85.0	1.0	1.0	1.0	1.0	24.0
d__Bacteria;p__Bacteroidota;c__Bacteroidia;o__Bacteroidales;f__Bacteroidaceae;g__Bacteroides;s__Bacteroides_fragilis	1.0	1.0	1.0	40.75	2649.0	1.0	1.0	1.0	9.0	2792.0
d__Bacteria;p__Bacteroidota;c__Bacteroidia;o__Bacteroidales;f__Bacteroidaceae;g__Bacteroides;s__Bacteroides_intestinalis	1.0	1.0	1.0	1.0	343.0	1.0	1.0	1.0	1.0	1098.0
d__Bacteria;p__Bacteroidota;c__Bacteroidia;o__Bacteroidales;f__Bacteroidaceae;g__Bacteroides;s__Bacteroides_massiliensis	1.0	1.0	1.0	1.0	723.0	1.0	1.0	1.0	5.5	333.0
d__Bacteria;p__Bacteroidota;c__Bacteroidia;o__Bacteroidales;f__Bacteroidaceae;g__Bacteroides;s__Bacteroides_nordii	1.0	1.0	1.0	1.0	39.0	1.0	1.0	1.0	1.0	32.0
d__Bacteria;p__Bacteroidota;c__Bacteroidia;o__Bacteroidales;f__Bacteroidaceae;g__Bacteroides;s__Bacteroides_plebeius	1.0	1.0	1.0	1.0	928.0	1.0	1.0	1.0	5.0	749.0
d__Bacteria;p__Bacteroidota;c__Bacteroidia;o__Bacteroidales;f__Bacteroidaceae;g__Bacteroides;s__Bacteroides_salyersiae	1.0	1.0	1.0	1.0	49.0	1.0	1.0	1.0	1.0	21.0
d__Bacteria;p__Bacteroidota;c__Bacteroidia;o__Bacteroidales;f__Bacteroidaceae;g__Bacteroides;s__Bacteroides_stercoris	1.0	1.0	1.0	26.0	1005.0	1.0	1.0	1.0	22.5	292.0
d__Bacteria;p__Bacteroidota;c__Bacteroidia;o__Bacteroidales;f__Bacteroidaceae;g__Bacteroides;s__Bacteroides_uniformis	1.0	1.0	1.0	1.0	113.0	1.0	1.0	1.0	1.0	115.0
d__Bacteria;p__Bacteroidota;c__Bacteroidia;o__Bacteroidales;f__Bacteroidaceae;g__Bacteroides;s__Bacteroides_vulgatus	1.0	1.0	1.0	18.75	965.0	1.0	1.0	1.0	76.0	5806.0
d__Bacteria;p__Bacteroidota;c__Bacteroidia;o__Bacteroidales;f__Barnesiellaceae;g__Barnesiella;__	1.0	1.0	1.0	1.0	1759.0	1.0	1.0	1.0	3.0	621.0
d__Bacteria;p__Bacteroidota;c__Bacteroidia;o__Bacteroidales;f__Barnesiellaceae;g__Coprobacter;__	1.0	1.0	1.0	1.0	1296.0	1.0	1.0	1.0	1.0	28.0
d__Bacteria;p__Bacteroidota;c__Bacteroidia;o__Bacteroidales;f__Marinifilaceae;g__Butyricimonas;__	1.0	1.0	1.0	1.0	256.0	1.0	1.0	1.0	1.0	147.0
d__Bacteria;p__Bacteroidota;c__Bacteroidia;o__Bacteroidales;f__Marinifilaceae;g__Butyricimonas;s__Butyricimonas_virosa	1.0	1.0	1.0	1.0	1.0	1.0	1.0	1.0	1.0	127.0
d__Bacteria;p__Bacteroidota;c__Bacteroidia;o__Bacteroidales;f__Marinifilaceae;g__Odoribacter;__	1.0	1.0	1.0	1.0	186.0	1.0	1.0	1.0	1.0	67.0
d__Bacteria;p__Bacteroidota;c__Bacteroidia;o__Bacteroidales;f__Marinifilaceae;g__Odoribacter;s__Odoribacter_splanchnicus	1.0	1.0	1.0	1.0	254.0	1.0	1.0	1.0	2.5	43.0
d__Bacteria;p__Bacteroidota;c__Bacteroidia;o__Bacteroidales;f__Muribaculaceae;g__CAG_873;__	1.0	1.0	1.0	1.0	255.0	1.0	1.0	1.0	1.0	24.0
d__Bacteria;p__Bacteroidota;c__Bacteroidia;o__Bacteroidales;f__Muribaculaceae;g__Muribaculaceae;__	1.0	1.0	1.0	1.0	236.0	1.0	1.0	1.0	1.0	233.0
d__Bacteria;p__Bacteroidota;c__Bacteroidia;o__Bacteroidales;f__Porphyromonadaceae;g__Porphyromonas;__	1.0	1.0	1.0	1.0	13.0	1.0	1.0	1.0	1.0	12.0
d__Bacteria;p__Bacteroidota;c__Bacteroidia;o__Bacteroidales;f__Porphyromonadaceae;g__Porphyromonas;s__Porphyromonas_asaccharolytica	1.0	1.0	1.0	1.0	67.0	1.0	1.0	1.0	1.0	1.0
d__Bacteria;p__Bacteroidota;c__Bacteroidia;o__Bacteroidales;f__Porphyromonadaceae;g__Porphyromonas;s__Porphyromonas_bennonis	1.0	1.0	1.0	1.0	39.0	1.0	1.0	1.0	1.0	1.0
d__Bacteria;p__Bacteroidota;c__Bacteroidia;o__Bacteroidales;f__Porphyromonadaceae;g__Porphyromonas;s__Porphyromonas_somerae	1.0	1.0	1.0	1.0	44.0	1.0	1.0	1.0	1.0	1.0
d__Bacteria;p__Bacteroidota;c__Bacteroidia;o__Bacteroidales;f__Prevotellaceae;__;__	1.0	1.0	1.0	1.0	1.0	1.0	1.0	1.0	1.0	73.0
d__Bacteria;p__Bacteroidota;c__Bacteroidia;o__Bacteroidales;f__Prevotellaceae;g__Alloprevotella;__	1.0	1.0	1.0	1.0	28.0	1.0	1.0	1.0	1.0	23.0
d__Bacteria;p__Bacteroidota;c__Bacteroidia;o__Bacteroidales;f__Prevotellaceae;g__Alloprevotella;s__Prevotellaceae_bacterium	1.0	1.0	1.0	1.0	13.0	1.0	1.0	1.0	1.0	82.0
d__Bacteria;p__Bacteroidota;c__Bacteroidia;o__Bacteroidales;f__Prevotellaceae;g__Paraprevotella;__	1.0	1.0	1.0	1.0	239.0	1.0	1.0	1.0	1.0	169.0
d__Bacteria;p__Bacteroidota;c__Bacteroidia;o__Bacteroidales;f__Prevotellaceae;g__Paraprevotella;s__Paraprevotella_xylaniphila	1.0	1.0	1.0	1.0	1.0	1.0	1.0	1.0	1.0	331.0
d__Bacteria;p__Bacteroidota;c__Bacteroidia;o__Bacteroidales;f__Prevotellaceae;g__Prevotella;__	1.0	1.0	1.0	4.0	9218.0	1.0	1.0	1.0	139.5	1941.0
d__Bacteria;p__Bacteroidota;c__Bacteroidia;o__Bacteroidales;f__Prevotellaceae;g__Prevotella;s__Massiliprevotella_massiliensis	1.0	1.0	1.0	1.0	4053.0	1.0	1.0	1.0	1.0	406.0
d__Bacteria;p__Bacteroidota;c__Bacteroidia;o__Bacteroidales;f__Prevotellaceae;g__Prevotella;s__Prevotella_bivia	1.0	1.0	1.0	1.0	14.0	1.0	1.0	1.0	1.0	49.0
d__Bacteria;p__Bacteroidota;c__Bacteroidia;o__Bacteroidales;f__Prevotellaceae;g__Prevotella;s__Prevotella_copri	1.0	1.0	1.0	1.0	1084.0	1.0	1.0	1.0	1.0	387.0
d__Bacteria;p__Bacteroidota;c__Bacteroidia;o__Bacteroidales;f__Prevotellaceae;g__Prevotella;s__Prevotella_corporis	1.0	1.0	1.0	1.0	106.0	1.0	1.0	1.0	1.0	14.0
d__Bacteria;p__Bacteroidota;c__Bacteroidia;o__Bacteroidales;f__Prevotellaceae;g__Prevotella;s__Prevotella_stercorea	1.0	1.0	1.0	1.0	107.0	1.0	1.0	1.0	1.0	573.0
d__Bacteria;p__Bacteroidota;c__Bacteroidia;o__Bacteroidales;f__Prevotellaceae;g__Prevotellaceae_NK3B31_group;__	1.0	1.0	1.0	1.0	227.0	1.0	1.0	1.0	1.0	21.0
d__Bacteria;p__Bacteroidota;c__Bacteroidia;o__Bacteroidales;f__Rikenellaceae;g__Alistipes;__	1.0	1.0	14.0	105.25	2812.0	1.0	1.0	13.0	70.0	699.0
d__Bacteria;p__Bacteroidota;c__Bacteroidia;o__Bacteroidales;f__Rikenellaceae;g__Alistipes;s__Alistipes_finegoldii	1.0	1.0	1.0	1.0	90.0	1.0	1.0	1.0	1.0	55.0
d__Bacteria;p__Bacteroidota;c__Bacteroidia;o__Bacteroidales;f__Rikenellaceae;g__Alistipes;s__Alistipes_indistinctus	1.0	1.0	1.0	1.0	273.0	1.0	1.0	1.0	1.0	108.0
d__Bacteria;p__Bacteroidota;c__Bacteroidia;o__Bacteroidales;f__Rikenellaceae;g__Alistipes;s__Alistipes_inops	1.0	1.0	1.0	1.0	116.0	1.0	1.0	1.0	1.0	13.0
d__Bacteria;p__Bacteroidota;c__Bacteroidia;o__Bacteroidales;f__Rikenellaceae;g__Alistipes;s__Alistipes_obesi	1.0	1.0	1.0	1.0	102.0	1.0	1.0	1.0	1.0	66.0
d__Bacteria;p__Bacteroidota;c__Bacteroidia;o__Bacteroidales;f__Rikenellaceae;g__Alistipes;s__Alistipes_shahii	1.0	1.0	1.0	1.0	171.0	1.0	1.0	1.0	6.5	73.0
d__Bacteria;p__Bacteroidota;c__Bacteroidia;o__Bacteroidales;f__Rikenellaceae;g__Alistipes;s__Alistipes_sp.	1.0	1.0	1.0	1.0	234.0	1.0	1.0	1.0	1.0	165.0
d__Bacteria;p__Bacteroidota;c__Bacteroidia;o__Bacteroidales;f__Rikenellaceae;g__Alistipes;s__Bacteroides_sp.	1.0	1.0	1.0	1.0	11.0	1.0	1.0	1.0	1.0	35.0
d__Bacteria;p__Bacteroidota;c__Bacteroidia;o__Bacteroidales;f__Rikenellaceae;g__Rikenellaceae_RC9_gut_group;__	1.0	1.0	1.0	1.0	49.0	1.0	1.0	1.0	1.0	1.0
d__Bacteria;p__Bacteroidota;c__Bacteroidia;o__Bacteroidales;f__Tannerellaceae;__;__	1.0	1.0	1.0	1.0	65.0	1.0	1.0	1.0	1.0	1.0
d__Bacteria;p__Bacteroidota;c__Bacteroidia;o__Bacteroidales;f__Tannerellaceae;g__Parabacteroides;__	1.0	1.0	8.0	43.0	4399.0	1.0	1.0	1.0	17.0	411.0
d__Bacteria;p__Bacteroidota;c__Bacteroidia;o__Bacteroidales;f__Tannerellaceae;g__Parabacteroides;s__Parabacteroides_goldsteinii	1.0	1.0	1.0	1.0	619.0	1.0	1.0	1.0	1.0	182.0
d__Bacteria;p__Bacteroidota;c__Bacteroidia;o__Bacteroidales;f__Tannerellaceae;g__Parabacteroides;s__Parabacteroides_gordonii	1.0	1.0	1.0	1.0	25.0	1.0	1.0	1.0	1.0	32.0
d__Bacteria;p__Bacteroidota;c__Bacteroidia;o__Bacteroidales;f__Tannerellaceae;g__Parabacteroides;s__Parabacteroides_johnsonii	1.0	1.0	1.0	1.0	48.0	1.0	1.0	1.0	1.0	18.0
d__Bacteria;p__Bacteroidota;c__Bacteroidia;o__Bacteroidales;f__Tannerellaceae;g__Parabacteroides;s__Parabacteroides_merdae	1.0	1.0	1.0	25.0	406.0	1.0	1.0	6.0	35.5	1804.0
d__Bacteria;p__Bacteroidota;c__Bacteroidia;o__Bacteroidales;f__Tannerellaceae;g__Parabacteroides;s__Parabacteroides_sp.	1.0	1.0	1.0	1.0	36.0	1.0	1.0	1.0	1.0	57.0
d__Bacteria;p__Campilobacterota;c__Campylobacteria;o__Campylobacterales;f__Arcobacteraceae;g__Halarcobacter;__	1.0	1.0	1.0	1.0	10.0	1.0	1.0	1.0	1.0	1.0
d__Bacteria;p__Campilobacterota;c__Campylobacteria;o__Campylobacterales;f__Arcobacteraceae;g__Malaciobacter;__	1.0	1.0	1.0	1.0	17.0	1.0	1.0	1.0	1.0	1.0
d__Bacteria;p__Desulfobacterota;c__Desulfovibrionia;o__Desulfovibrionales;f__Desulfovibrionaceae;g__Bilophila;__	1.0	1.0	1.0	10.25	411.0	1.0	1.0	1.0	6.5	222.0
d__Bacteria;p__Desulfobacterota;c__Desulfovibrionia;o__Desulfovibrionales;f__Desulfovibrionaceae;g__Desulfovibrio;__	1.0	1.0	1.0	1.0	962.0	1.0	1.0	1.0	12.5	205.0
d__Bacteria;p__Desulfobacterota;c__Desulfovibrionia;o__Desulfovibrionales;f__Desulfovibrionaceae;g__Desulfovibrio;s__Desulfovibrio_fairfieldensis	1.0	1.0	1.0	1.0	376.0	1.0	1.0	1.0	1.0	9.0
d__Bacteria;p__Desulfobacterota;c__Desulfovibrionia;o__Desulfovibrionales;f__Desulfovibrionaceae;g__Desulfovibrio;s__bacterium	1.0	1.0	1.0	1.0	200.0	1.0	1.0	1.0	1.0	83.0
d__Bacteria;p__Firmicutes;c__Bacilli;__;__;__;__	1.0	1.0	1.0	1.0	1058.0	1.0	1.0	1.0	1.0	6.0
d__Bacteria;p__Firmicutes;c__Bacilli;o__Entomoplasmatales;f__Entomoplasmatales_Incertae_Sedis;g__Candidatus_Hepatoplasma;__	1.0	1.0	1.0	1.0	9.0	1.0	1.0	1.0	1.0	1.0
d__Bacteria;p__Firmicutes;c__Bacilli;o__Erysipelotrichales;f__Erysipelatoclostridiaceae;g__Candidatus_Stoquefichus;__	1.0	1.0	1.0	1.0	103.0	1.0	1.0	1.0	1.0	12.0
d__Bacteria;p__Firmicutes;c__Bacilli;o__Erysipelotrichales;f__Erysipelatoclostridiaceae;g__Catenibacterium;__	1.0	1.0	1.0	1.0	353.0	1.0	1.0	1.0	1.0	1.0
d__Bacteria;p__Firmicutes;c__Bacilli;o__Erysipelotrichales;f__Erysipelatoclostridiaceae;g__Coprobacillus;__	1.0	1.0	1.0	1.0	68.0	1.0	1.0	1.0	1.0	24.0
d__Bacteria;p__Firmicutes;c__Bacilli;o__Erysipelotrichales;f__Erysipelatoclostridiaceae;g__Erysipelatoclostridium;__	1.0	1.0	14.0	84.0	6893.0	1.0	1.0	1.0	6.5	162.0
d__Bacteria;p__Firmicutes;c__Bacilli;o__Erysipelotrichales;f__Erysipelatoclostridiaceae;g__Erysipelatoclostridium;s__Massiliomicrobiota_timonensis	1.0	1.0	1.0	1.0	48.0	1.0	1.0	1.0	1.0	1.0
d__Bacteria;p__Firmicutes;c__Bacilli;o__Erysipelotrichales;f__Erysipelatoclostridiaceae;g__Erysipelatoclostridium;s___Clostridium__spiroforme	1.0	1.0	1.0	1.0	245.0	1.0	1.0	1.0	1.0	3.0
d__Bacteria;p__Firmicutes;c__Bacilli;o__Erysipelotrichales;f__Erysipelatoclostridiaceae;g__Erysipelatoclostridium;s__bacterium_ic1391	1.0	1.0	1.0	1.0	190.0	1.0	1.0	1.0	1.0	1.0
d__Bacteria;p__Firmicutes;c__Bacilli;o__Erysipelotrichales;f__Erysipelatoclostridiaceae;g__Erysipelotrichaceae_UCG_003;__	1.0	1.0	1.0	11.0	496.0	1.0	1.0	22.0	74.0	1596.0
d__Bacteria;p__Firmicutes;c__Bacilli;o__Erysipelotrichales;f__Erysipelotrichaceae;g__Dielma;s__Dielma_fastidiosa	1.0	1.0	1.0	1.0	9.0	1.0	1.0	1.0	1.0	11.0
d__Bacteria;p__Firmicutes;c__Bacilli;o__Erysipelotrichales;f__Erysipelotrichaceae;g__Erysipelotrichaceae;s__Faecalitalea_sp.	1.0	1.0	1.0	1.0	59.0	1.0	1.0	1.0	1.0	1.0
d__Bacteria;p__Firmicutes;c__Bacilli;o__Erysipelotrichales;f__Erysipelotrichaceae;g__Faecalicoccus;s__Faecalicoccus_pleomorphus	1.0	1.0	1.0	1.0	22.0	1.0	1.0	1.0	1.0	3.0
d__Bacteria;p__Firmicutes;c__Bacilli;o__Erysipelotrichales;f__Erysipelotrichaceae;g__Faecalitalea;__	1.0	1.0	1.0	1.0	27.0	1.0	1.0	1.0	1.0	27.0
d__Bacteria;p__Firmicutes;c__Bacilli;o__Erysipelotrichales;f__Erysipelotrichaceae;g__Faecalitalea;s__Absiella_argi	1.0	1.0	1.0	1.0	1.0	1.0	1.0	1.0	1.0	36.0
d__Bacteria;p__Firmicutes;c__Bacilli;o__Erysipelotrichales;f__Erysipelotrichaceae;g__Faecalitalea;s__Absiella_dolichum	1.0	1.0	1.0	1.0	1.0	1.0	1.0	1.0	1.0	18.0
d__Bacteria;p__Firmicutes;c__Bacilli;o__Erysipelotrichales;f__Erysipelotrichaceae;g__Holdemanella;__	1.0	1.0	1.0	1.0	685.0	1.0	1.0	1.0	1.0	235.0
d__Bacteria;p__Firmicutes;c__Bacilli;o__Erysipelotrichales;f__Erysipelotrichaceae;g__Holdemania;__	1.0	1.0	1.0	6.0	76.0	1.0	1.0	1.0	6.0	31.0
d__Bacteria;p__Firmicutes;c__Bacilli;o__Erysipelotrichales;f__Erysipelotrichaceae;g__Merdibacter;__	1.0	1.0	1.0	1.0	51.0	1.0	1.0	1.0	1.0	1.0
d__Bacteria;p__Firmicutes;c__Bacilli;o__Erysipelotrichales;f__Erysipelotrichaceae;g__Solobacterium;__	1.0	1.0	1.0	1.0	66.0	1.0	1.0	1.0	1.0	48.0
d__Bacteria;p__Firmicutes;c__Bacilli;o__Erysipelotrichales;f__Erysipelotrichaceae;g__Turicibacter;__	1.0	1.0	1.0	1.0	1371.0	1.0	1.0	1.0	7.0	146.0
d__Bacteria;p__Firmicutes;c__Bacilli;o__Erysipelotrichales;f__Erysipelotrichaceae;g___Clostridium__innocuum_group;__	1.0	1.0	1.0	10.0	95.0	1.0	1.0	1.0	3.5	45.0
d__Bacteria;p__Firmicutes;c__Bacilli;o__Lactobacillales;f__Aerococcaceae;g__Abiotrophia;__	1.0	1.0	1.0	1.0	154.0	1.0	1.0	1.0	1.0	74.0
d__Bacteria;p__Firmicutes;c__Bacilli;o__Lactobacillales;f__Carnobacteriaceae;g__Granulicatella;__	1.0	1.0	1.0	1.0	146.0	1.0	1.0	1.0	1.0	125.0
d__Bacteria;p__Firmicutes;c__Bacilli;o__Lactobacillales;f__Enterococcaceae;g__Enterococcus;__	1.0	1.0	1.0	28.0	19518.0	1.0	1.0	1.0	1.0	40.0
d__Bacteria;p__Firmicutes;c__Bacilli;o__Lactobacillales;f__Enterococcaceae;g__Enterococcus;s__Enterococcus_cecorum	1.0	1.0	1.0	1.0	40.0	1.0	1.0	1.0	1.0	1.0
d__Bacteria;p__Firmicutes;c__Bacilli;o__Lactobacillales;f__Lactobacillaceae;g__Lactobacillus;__	1.0	1.0	5.0	54.0	12529.0	1.0	1.0	1.0	8.0	9904.0
d__Bacteria;p__Firmicutes;c__Bacilli;o__Lactobacillales;f__Lactobacillaceae;g__Lactobacillus;s__Lactobacillus_delbrueckii	1.0	1.0	1.0	1.0	1.0	1.0	1.0	1.0	1.0	210.0
d__Bacteria;p__Firmicutes;c__Bacilli;o__Lactobacillales;f__Lactobacillaceae;g__Lactobacillus;s__Lactobacillus_fermentum	1.0	1.0	1.0	1.0	64.0	1.0	1.0	1.0	1.0	8.0
d__Bacteria;p__Firmicutes;c__Bacilli;o__Lactobacillales;f__Lactobacillaceae;g__Lactobacillus;s__Lactobacillus_mucosae	1.0	1.0	1.0	10.75	1371.0	1.0	1.0	1.0	1.0	628.0
d__Bacteria;p__Firmicutes;c__Bacilli;o__Lactobacillales;f__Leuconostocaceae;g__Leuconostoc;s__Leuconostoc_citreum	1.0	1.0	1.0	1.0	25.0	1.0	1.0	1.0	1.0	6.0
d__Bacteria;p__Firmicutes;c__Bacilli;o__Lactobacillales;f__Leuconostocaceae;g__Leuconostoc;s__Leuconostoc_lactis	1.0	1.0	1.0	1.0	208.0	1.0	1.0	1.0	1.0	32.0
d__Bacteria;p__Firmicutes;c__Bacilli;o__Lactobacillales;f__Leuconostocaceae;g__Weissella;__	1.0	1.0	1.0	1.0	146.0	1.0	1.0	1.0	1.0	500.0
d__Bacteria;p__Firmicutes;c__Bacilli;o__Lactobacillales;f__Streptococcaceae;g__Lactococcus;__	1.0	1.0	1.0	1.0	47.0	1.0	1.0	1.0	1.0	43.0
d__Bacteria;p__Firmicutes;c__Bacilli;o__Lactobacillales;f__Streptococcaceae;g__Lactococcus;s__Lactococcus_garvieae	1.0	1.0	1.0	1.0	41.0	1.0	1.0	1.0	1.0	163.0
d__Bacteria;p__Firmicutes;c__Bacilli;o__Lactobacillales;f__Streptococcaceae;g__Streptococcus;__	1.0	1.0	12.0	63.0	1240.0	1.0	1.0	7.0	36.5	1398.0
d__Bacteria;p__Firmicutes;c__Bacilli;o__Lactobacillales;f__Streptococcaceae;g__Streptococcus;s__Streptococcus_agalactiae	1.0	1.0	1.0	1.0	73.0	1.0	1.0	1.0	1.0	10.0
d__Bacteria;p__Firmicutes;c__Bacilli;o__Lactobacillales;f__Streptococcaceae;g__Streptococcus;s__Streptococcus_anginosus	1.0	1.0	1.0	9.25	237.0	1.0	1.0	1.0	1.0	114.0
d__Bacteria;p__Firmicutes;c__Bacilli;o__Lactobacillales;f__Streptococcaceae;g__Streptococcus;s__Streptococcus_constellatus	1.0	1.0	1.0	1.0	60.0	1.0	1.0	1.0	1.0	1.0
d__Bacteria;p__Firmicutes;c__Bacilli;o__Lactobacillales;f__Streptococcaceae;g__Streptococcus;s__Streptococcus_mutans	1.0	1.0	1.0	1.0	156.0	1.0	1.0	1.0	1.0	7.0
d__Bacteria;p__Firmicutes;c__Bacilli;o__Lactobacillales;f__Streptococcaceae;g__Streptococcus;s__Streptococcus_parasanguinis	1.0	1.0	1.0	1.0	129.0	1.0	1.0	1.0	1.0	257.0
d__Bacteria;p__Firmicutes;c__Bacilli;o__Lactobacillales;f__Streptococcaceae;g__Streptococcus;s__Streptococcus_salivarius	1.0	1.0	3.0	53.75	1030.0	1.0	1.0	9.0	32.5	1363.0
d__Bacteria;p__Firmicutes;c__Bacilli;o__Lactobacillales;f__Streptococcaceae;g__Streptococcus;s__Streptococcus_sobrinus	1.0	1.0	1.0	1.0	32.0	1.0	1.0	1.0	1.0	21.0
d__Bacteria;p__Firmicutes;c__Bacilli;o__RF39;f__RF39;g__RF39;__	1.0	1.0	1.0	1.0	51.0	1.0	1.0	1.0	1.0	81.0
d__Bacteria;p__Firmicutes;c__Bacilli;o__Staphylococcales;f__Gemellaceae;g__Gemella;__	1.0	1.0	1.0	1.0	234.0	1.0	1.0	1.0	1.0	298.0
d__Bacteria;p__Firmicutes;c__Clostridia;__;__;__;__	1.0	1.0	1.0	1.0	17.0	1.0	1.0	1.0	1.0	6.0
d__Bacteria;p__Firmicutes;c__Clostridia;o__Christensenellales;f__Christensenellaceae;__;__	1.0	1.0	1.0	1.0	39.0	1.0	1.0	1.0	1.0	15.0
d__Bacteria;p__Firmicutes;c__Clostridia;o__Christensenellales;f__Christensenellaceae;g__Catabacter;s__Catabacter_hongkongensis	1.0	1.0	1.0	1.0	88.0	1.0	1.0	1.0	1.0	6.0
d__Bacteria;p__Firmicutes;c__Clostridia;o__Christensenellales;f__Christensenellaceae;g__Christensenella;s__Christensenella_massiliensis	1.0	1.0	1.0	1.0	50.0	1.0	1.0	1.0	1.0	9.0
d__Bacteria;p__Firmicutes;c__Clostridia;o__Christensenellales;f__Christensenellaceae;g__Christensenella;s__Christensenella_minuta	1.0	1.0	1.0	1.0	90.0	1.0	1.0	1.0	1.0	41.0
d__Bacteria;p__Firmicutes;c__Clostridia;o__Christensenellales;f__Christensenellaceae;g__Christensenellaceae;s__Christensenella_sp.	1.0	1.0	1.0	1.0	575.0	1.0	1.0	1.0	1.0	10.0
d__Bacteria;p__Firmicutes;c__Clostridia;o__Christensenellales;f__Christensenellaceae;g__Christensenellaceae_R_7_group;__	1.0	1.0	13.0	118.5	6126.0	1.0	1.0	9.0	95.0	524.0
d__Bacteria;p__Firmicutes;c__Clostridia;o__Christensenellales;f__Christensenellaceae;g__Christensenellaceae_R_7_group;s__bacterium_YE57	1.0	1.0	1.0	1.0	61.0	1.0	1.0	1.0	1.0	1.0
d__Bacteria;p__Firmicutes;c__Clostridia;o__Christensenellales;f__Christensenellaceae;g__Christensenellaceae_R_7_group;s__human_gut	1.0	1.0	1.0	1.0	4158.0	1.0	1.0	1.0	1.0	456.0
d__Bacteria;p__Firmicutes;c__Clostridia;o__Clostridia;f__Hungateiclostridiaceae;__;__	1.0	1.0	1.0	1.0	54.0	1.0	1.0	1.0	1.0	27.0
d__Bacteria;p__Firmicutes;c__Clostridia;o__Clostridia_UCG_014;f__Clostridia_UCG_014;g__Clostridia_UCG_014;__	1.0	1.0	1.0	1.0	1917.0	1.0	1.0	1.0	65.5	1902.0
d__Bacteria;p__Firmicutes;c__Clostridia;o__Clostridia_vadinBB60_group;f__Clostridia_vadinBB60_group;g__Clostridia_vadinBB60_group;__	1.0	1.0	1.0	1.0	22.0	1.0	1.0	1.0	1.0	16.0
d__Bacteria;p__Firmicutes;c__Clostridia;o__Clostridiales;f__Clostridiaceae;g__Clostridium_sensu_stricto_13;s__Clostridium_sp.	1.0	1.0	1.0	1.0	104.0	1.0	1.0	1.0	1.0	1.0
d__Bacteria;p__Firmicutes;c__Clostridia;o__Clostridiales;f__Clostridiaceae;g__Clostridium_sensu_stricto_1;__	1.0	1.0	5.0	66.75	2103.0	1.0	4.0	33.0	149.0	14275.0
d__Bacteria;p__Firmicutes;c__Clostridia;o__Clostridiales;f__Clostridiaceae;g__Clostridium_sensu_stricto_1;s__Clostridium_butyricum	1.0	1.0	1.0	1.0	77.0	1.0	1.0	1.0	1.0	1.0
d__Bacteria;p__Firmicutes;c__Clostridia;o__Clostridiales;f__Clostridiaceae;g__Clostridium_sensu_stricto_1;s__Clostridium_paraputrificum	1.0	1.0	1.0	1.0	21.0	1.0	1.0	1.0	1.0	56.0
d__Bacteria;p__Firmicutes;c__Clostridia;o__Clostridiales;f__Clostridiaceae;g__Clostridium_sensu_stricto_1;s__human_gut	1.0	1.0	1.0	1.0	41.0	1.0	1.0	1.0	1.0	58.0
d__Bacteria;p__Firmicutes;c__Clostridia;o__Eubacteriales;f__Eubacteriaceae;g__Eubacterium;__	1.0	1.0	1.0	10.75	752.0	1.0	1.0	1.0	1.0	101.0
d__Bacteria;p__Firmicutes;c__Clostridia;o__Eubacteriales;f__Eubacteriaceae;g__Eubacterium;s__Eubacterium_limosum	1.0	1.0	1.0	1.0	52.0	1.0	1.0	1.0	1.0	9.0
d__Bacteria;p__Firmicutes;c__Clostridia;o__Lachnospirales;f__Defluviitaleaceae;g__Defluviitaleaceae_UCG_011;__	1.0	1.0	1.0	1.0	108.0	1.0	1.0	1.0	1.0	45.0
d__Bacteria;p__Firmicutes;c__Clostridia;o__Lachnospirales;f__Lachnospiraceae;__;__	1.0	41.75	114.0	283.25	6619.0	1.0	97.5	200.0	353.0	1781.0
d__Bacteria;p__Firmicutes;c__Clostridia;o__Lachnospirales;f__Lachnospiraceae;g__Agathobacter;__	1.0	1.0	1.0	108.25	3550.0	1.0	1.0	225.0	1225.5	9233.0
d__Bacteria;p__Firmicutes;c__Clostridia;o__Lachnospirales;f__Lachnospiraceae;g__Agathobacter;s__Eubacterium_ramulus	1.0	1.0	1.0	1.0	393.0	1.0	1.0	1.0	20.5	205.0
d__Bacteria;p__Firmicutes;c__Clostridia;o__Lachnospirales;f__Lachnospiraceae;g__Anaerostipes;__	1.0	1.0	1.0	22.25	604.0	1.0	1.0	13.0	45.5	1672.0
d__Bacteria;p__Firmicutes;c__Clostridia;o__Lachnospirales;f__Lachnospiraceae;g__Anaerostipes;s__Anaerostipes_caccae	1.0	1.0	1.0	1.0	47.0	1.0	1.0	1.0	1.0	16.0
d__Bacteria;p__Firmicutes;c__Clostridia;o__Lachnospirales;f__Lachnospiraceae;g__Blautia;__	1.0	124.25	324.5	907.25	8751.0	13.0	192.5	337.0	604.5	3118.0
d__Bacteria;p__Firmicutes;c__Clostridia;o__Lachnospirales;f__Lachnospiraceae;g__Blautia;s__Blautia_hydrogenotrophica	1.0	1.0	1.0	1.0	176.0	1.0	1.0	1.0	1.0	1.0
d__Bacteria;p__Firmicutes;c__Clostridia;o__Lachnospirales;f__Lachnospiraceae;g__Blautia;s__Blautia_sp.	1.0	1.0	1.0	1.0	273.0	1.0	1.0	1.0	1.0	229.0
d__Bacteria;p__Firmicutes;c__Clostridia;o__Lachnospirales;f__Lachnospiraceae;g__CAG_56;__	1.0	1.0	1.0	1.0	566.0	1.0	1.0	1.0	63.0	367.0
d__Bacteria;p__Firmicutes;c__Clostridia;o__Lachnospirales;f__Lachnospiraceae;g__Catenibacillus;__	1.0	1.0	1.0	1.0	34.0	1.0	1.0	1.0	1.0	1.0
d__Bacteria;p__Firmicutes;c__Clostridia;o__Lachnospirales;f__Lachnospiraceae;g__Cellulosilyticum;__	1.0	1.0	1.0	1.0	41.0	1.0	1.0	1.0	1.0	13.0
d__Bacteria;p__Firmicutes;c__Clostridia;o__Lachnospirales;f__Lachnospiraceae;g__Coprococcus;__	1.0	1.0	1.0	24.25	926.0	1.0	1.0	43.0	178.5	1612.0
d__Bacteria;p__Firmicutes;c__Clostridia;o__Lachnospirales;f__Lachnospiraceae;g__Dorea;__	1.0	1.0	1.0	45.0	199.0	1.0	1.0	15.0	41.0	425.0
d__Bacteria;p__Firmicutes;c__Clostridia;o__Lachnospirales;f__Lachnospiraceae;g__Dorea;s__Dorea_formicigenerans	1.0	1.0	1.0	26.25	357.0	1.0	1.0	13.0	34.5	155.0
d__Bacteria;p__Firmicutes;c__Clostridia;o__Lachnospirales;f__Lachnospiraceae;g__Eisenbergiella;__	1.0	1.0	1.0	45.0	1465.0	1.0	1.0	1.0	1.0	747.0
d__Bacteria;p__Firmicutes;c__Clostridia;o__Lachnospirales;f__Lachnospiraceae;g__Epulopiscium;__	1.0	1.0	1.0	1.0	35.0	1.0	1.0	1.0	1.0	1.0
d__Bacteria;p__Firmicutes;c__Clostridia;o__Lachnospirales;f__Lachnospiraceae;g__Frisingicoccus;__	1.0	1.0	1.0	1.0	28.0	1.0	1.0	1.0	1.0	34.0
d__Bacteria;p__Firmicutes;c__Clostridia;o__Lachnospirales;f__Lachnospiraceae;g__Fusicatenibacter;__	1.0	1.0	1.0	49.5	1204.0	1.0	20.0	62.0	106.5	782.0
d__Bacteria;p__Firmicutes;c__Clostridia;o__Lachnospirales;f__Lachnospiraceae;g__GCA_900066575;__	1.0	1.0	1.0	1.0	166.0	1.0	1.0	1.0	1.0	6.0
d__Bacteria;p__Firmicutes;c__Clostridia;o__Lachnospirales;f__Lachnospiraceae;g__GCA_900066755;__	1.0	1.0	1.0	1.0	62.0	1.0	1.0	1.0	1.0	1.0
d__Bacteria;p__Firmicutes;c__Clostridia;o__Lachnospirales;f__Lachnospiraceae;g__Howardella;__	1.0	1.0	1.0	1.0	128.0	1.0	1.0	1.0	1.0	314.0
d__Bacteria;p__Firmicutes;c__Clostridia;o__Lachnospirales;f__Lachnospiraceae;g__Howardella;s__Catonella_sp.	1.0	1.0	1.0	1.0	6.0	1.0	1.0	1.0	1.0	11.0
d__Bacteria;p__Firmicutes;c__Clostridia;o__Lachnospirales;f__Lachnospiraceae;g__Hungatella;__	1.0	1.0	6.5	30.25	569.0	1.0	1.0	1.0	1.0	336.0
d__Bacteria;p__Firmicutes;c__Clostridia;o__Lachnospirales;f__Lachnospiraceae;g__Lachnoclostridium;__	1.0	1.0	22.0	88.0	3096.0	1.0	10.0	39.0	119.0	2491.0
d__Bacteria;p__Firmicutes;c__Clostridia;o__Lachnospirales;f__Lachnospiraceae;g__Lachnoclostridium;s__Eubacterium_sp.	1.0	1.0	1.0	1.0	179.0	1.0	1.0	1.0	1.0	67.0
d__Bacteria;p__Firmicutes;c__Clostridia;o__Lachnospirales;f__Lachnospiraceae;g__Lachnoclostridium;s__Mordavella_sp.	1.0	1.0	1.0	1.0	1091.0	1.0	1.0	1.0	1.0	7.0
d__Bacteria;p__Firmicutes;c__Clostridia;o__Lachnospirales;f__Lachnospiraceae;g__Lachnoclostridium;s___Clostridium__aldenense	1.0	1.0	1.0	1.0	361.0	1.0	1.0	1.0	1.0	137.0
d__Bacteria;p__Firmicutes;c__Clostridia;o__Lachnospirales;f__Lachnospiraceae;g__Lachnoclostridium;s___Clostridium__hylemonae	1.0	1.0	1.0	1.0	133.0	1.0	1.0	1.0	1.0	1.0
d__Bacteria;p__Firmicutes;c__Clostridia;o__Lachnospirales;f__Lachnospiraceae;g__Lachnoclostridium;s___Clostridium__scindens	1.0	1.0	1.0	29.25	520.0	1.0	1.0	1.0	1.0	117.0
d__Bacteria;p__Firmicutes;c__Clostridia;o__Lachnospirales;f__Lachnospiraceae;g__Lachnospira;__	1.0	1.0	1.0	1.0	85.0	1.0	1.0	17.0	59.0	1305.0
d__Bacteria;p__Firmicutes;c__Clostridia;o__Lachnospirales;f__Lachnospiraceae;g__Lachnospiraceae_FCS020_group;__	1.0	1.0	1.0	1.0	50.0	1.0	1.0	1.0	8.0	56.0
d__Bacteria;p__Firmicutes;c__Clostridia;o__Lachnospirales;f__Lachnospiraceae;g__Lachnospiraceae_ND3007_group;__	1.0	1.0	1.0	1.0	43.0	1.0	1.0	1.0	19.5	333.0
d__Bacteria;p__Firmicutes;c__Clostridia;o__Lachnospirales;f__Lachnospiraceae;g__Lachnospiraceae_NK4A136_group;__	1.0	1.0	1.0	40.25	1253.0	1.0	1.0	37.0	122.5	708.0
d__Bacteria;p__Firmicutes;c__Clostridia;o__Lachnospirales;f__Lachnospiraceae;g__Lachnospiraceae_UCG_001;__	1.0	1.0	1.0	1.0	257.0	1.0	1.0	1.0	13.0	216.0
d__Bacteria;p__Firmicutes;c__Clostridia;o__Lachnospirales;f__Lachnospiraceae;g__Lachnospiraceae_UCG_001;s__Lachnospiraceae_bacterium	1.0	1.0	1.0	1.0	1.0	1.0	1.0	1.0	1.0	33.0
d__Bacteria;p__Firmicutes;c__Clostridia;o__Lachnospirales;f__Lachnospiraceae;g__Lachnospiraceae_UCG_003;__	1.0	1.0	1.0	1.0	17.0	1.0	1.0	1.0	1.0	92.0
d__Bacteria;p__Firmicutes;c__Clostridia;o__Lachnospirales;f__Lachnospiraceae;g__Lachnospiraceae_UCG_004;__	1.0	1.0	1.0	1.0	57.0	1.0	1.0	1.0	1.0	119.0
d__Bacteria;p__Firmicutes;c__Clostridia;o__Lachnospirales;f__Lachnospiraceae;g__Lachnospiraceae_UCG_010;__	1.0	1.0	1.0	1.0	48.0	1.0	1.0	1.0	1.0	47.0
d__Bacteria;p__Firmicutes;c__Clostridia;o__Lachnospirales;f__Lachnospiraceae;g__Lactonifactor;__	1.0	1.0	1.0	1.0	36.0	1.0	1.0	1.0	1.0	12.0
d__Bacteria;p__Firmicutes;c__Clostridia;o__Lachnospirales;f__Lachnospiraceae;g__Marvinbryantia;__	1.0	1.0	1.0	1.0	38.0	1.0	1.0	1.0	1.0	66.0
d__Bacteria;p__Firmicutes;c__Clostridia;o__Lachnospirales;f__Lachnospiraceae;g__Moryella;s__human_gut	1.0	1.0	1.0	1.0	22.0	1.0	1.0	1.0	1.0	14.0
d__Bacteria;p__Firmicutes;c__Clostridia;o__Lachnospirales;f__Lachnospiraceae;g__Oribacterium;__	1.0	1.0	1.0	1.0	6.0	1.0	1.0	1.0	1.0	18.0
d__Bacteria;p__Firmicutes;c__Clostridia;o__Lachnospirales;f__Lachnospiraceae;g__Roseburia;__	1.0	1.0	1.0	132.0	1875.0	1.0	15.0	196.0	512.0	2223.0
d__Bacteria;p__Firmicutes;c__Clostridia;o__Lachnospirales;f__Lachnospiraceae;g__Sellimonas;__	1.0	1.0	1.0	17.25	301.0	1.0	1.0	1.0	1.0	26.0
d__Bacteria;p__Firmicutes;c__Clostridia;o__Lachnospirales;f__Lachnospiraceae;g__Sellimonas;s__Lachnoclostridium_phocaeense	1.0	1.0	1.0	1.0	272.0	1.0	1.0	1.0	1.0	16.0
d__Bacteria;p__Firmicutes;c__Clostridia;o__Lachnospirales;f__Lachnospiraceae;g__Shuttleworthia;__	1.0	1.0	1.0	1.0	119.0	1.0	1.0	1.0	1.0	17.0
d__Bacteria;p__Firmicutes;c__Clostridia;o__Lachnospirales;f__Lachnospiraceae;g__Stomatobaculum;__	1.0	1.0	1.0	1.0	7.0	1.0	1.0	1.0	1.0	35.0
d__Bacteria;p__Firmicutes;c__Clostridia;o__Lachnospirales;f__Lachnospiraceae;g__Tyzzerella;__	1.0	1.0	1.0	1.0	59.0	1.0	1.0	1.0	5.5	633.0
d__Bacteria;p__Firmicutes;c__Clostridia;o__Lachnospirales;f__Lachnospiraceae;g__Tyzzerella;s__Anaerotignum_lactatifermentans	1.0	1.0	1.0	1.0	208.0	1.0	1.0	1.0	1.0	137.0
d__Bacteria;p__Firmicutes;c__Clostridia;o__Lachnospirales;f__Lachnospiraceae;g__UC5_1_2E3;__	1.0	1.0	1.0	1.0	453.0	1.0	1.0	1.0	1.0	31.0
d__Bacteria;p__Firmicutes;c__Clostridia;o__Lachnospirales;f__Lachnospiraceae;g___Eubacterium__eligens_group;__	1.0	1.0	1.0	1.0	485.0	1.0	1.0	14.0	44.0	989.0
d__Bacteria;p__Firmicutes;c__Clostridia;o__Lachnospirales;f__Lachnospiraceae;g___Eubacterium__fissicatena_group;__	1.0	1.0	1.0	1.0	59.0	1.0	1.0	1.0	1.0	80.0
d__Bacteria;p__Firmicutes;c__Clostridia;o__Lachnospirales;f__Lachnospiraceae;g___Eubacterium__hallii_group;__	1.0	1.0	1.0	21.75	1821.0	1.0	1.0	1.0	18.5	1364.0
d__Bacteria;p__Firmicutes;c__Clostridia;o__Lachnospirales;f__Lachnospiraceae;g___Eubacterium__ruminantium_group;__	1.0	1.0	1.0	1.0	371.0	1.0	1.0	1.0	26.0	540.0
d__Bacteria;p__Firmicutes;c__Clostridia;o__Lachnospirales;f__Lachnospiraceae;g___Eubacterium__ventriosum_group;__	1.0	1.0	1.0	7.5	329.0	1.0	1.0	7.0	27.5	126.0
d__Bacteria;p__Firmicutes;c__Clostridia;o__Lachnospirales;f__Lachnospiraceae;g___Eubacterium__xylanophilum_group;__	1.0	1.0	1.0	1.0	25.0	1.0	1.0	1.0	1.0	189.0
d__Bacteria;p__Firmicutes;c__Clostridia;o__Lachnospirales;f__Lachnospiraceae;g___Ruminococcus__gauvreauii_group;__	1.0	1.0	1.0	1.0	243.0	1.0	1.0	1.0	11.0	211.0
d__Bacteria;p__Firmicutes;c__Clostridia;o__Lachnospirales;f__Lachnospiraceae;g___Ruminococcus__gauvreauii_group;s__bacterium_ic1296	1.0	1.0	1.0	1.0	219.0	1.0	1.0	1.0	1.0	1.0
d__Bacteria;p__Firmicutes;c__Clostridia;o__Lachnospirales;f__Lachnospiraceae;g___Ruminococcus__gnavus_group;__	1.0	1.0	29.0	208.0	4208.0	1.0	1.0	1.0	25.5	924.0
d__Bacteria;p__Firmicutes;c__Clostridia;o__Lachnospirales;f__Lachnospiraceae;g___Ruminococcus__torques_group;__	1.0	1.0	60.5	164.5	2663.0	1.0	1.0	43.0	97.5	1538.0
d__Bacteria;p__Firmicutes;c__Clostridia;o__Monoglobales;f__Monoglobaceae;g__Monoglobus;__	1.0	1.0	6.0	58.25	1164.0	1.0	11.0	60.0	119.0	1423.0
d__Bacteria;p__Firmicutes;c__Clostridia;o__Oscillospirales;__;__;__	1.0	1.0	1.0	9.0	131.0	1.0	1.0	1.0	1.0	30.0
d__Bacteria;p__Firmicutes;c__Clostridia;o__Oscillospirales;f__Butyricicoccaceae;__;__	1.0	1.0	1.0	1.0	60.0	1.0	1.0	1.0	1.0	24.0
d__Bacteria;p__Firmicutes;c__Clostridia;o__Oscillospirales;f__Butyricicoccaceae;g__Butyricicoccus;__	1.0	1.0	8.5	51.0	497.0	1.0	17.5	49.0	128.5	1964.0
d__Bacteria;p__Firmicutes;c__Clostridia;o__Oscillospirales;f__Butyricicoccaceae;g__Butyricicoccus;s__Butyricicoccus_pullicaecorum	1.0	1.0	1.0	1.0	52.0	1.0	1.0	1.0	1.0	70.0
d__Bacteria;p__Firmicutes;c__Clostridia;o__Oscillospirales;f__Butyricicoccaceae;g__Butyricicoccus;s__Butyricicoccus_sp.	1.0	1.0	1.0	1.0	17.0	1.0	1.0	1.0	1.0	32.0
d__Bacteria;p__Firmicutes;c__Clostridia;o__Oscillospirales;f__Butyricicoccaceae;g__UCG_009;__	1.0	1.0	1.0	1.0	25.0	1.0	1.0	1.0	1.0	15.0
d__Bacteria;p__Firmicutes;c__Clostridia;o__Oscillospirales;f__Ethanoligenenaceae;g__Acetanaerobacterium;__	1.0	1.0	1.0	1.0	13.0	1.0	1.0	1.0	1.0	5.0
d__Bacteria;p__Firmicutes;c__Clostridia;o__Oscillospirales;f__Oscillospiraceae;__;__	1.0	1.0	23.0	78.5	442.0	1.0	1.0	11.0	36.0	123.0
d__Bacteria;p__Firmicutes;c__Clostridia;o__Oscillospirales;f__Oscillospiraceae;g__Colidextribacter;__	1.0	1.0	1.0	1.0	74.0	1.0	1.0	1.0	8.0	142.0
d__Bacteria;p__Firmicutes;c__Clostridia;o__Oscillospirales;f__Oscillospiraceae;g__Flavonifractor;__	1.0	1.0	5.0	51.0	1128.0	1.0	1.0	7.0	21.0	609.0
d__Bacteria;p__Firmicutes;c__Clostridia;o__Oscillospirales;f__Oscillospiraceae;g__Intestinimonas;__	1.0	1.0	1.0	1.0	87.0	1.0	1.0	1.0	1.0	12.0
d__Bacteria;p__Firmicutes;c__Clostridia;o__Oscillospirales;f__Oscillospiraceae;g__Intestinimonas;s__Flavonifractor_plautii	1.0	1.0	1.0	1.0	19.0	1.0	1.0	1.0	1.0	1.0
d__Bacteria;p__Firmicutes;c__Clostridia;o__Oscillospirales;f__Oscillospiraceae;g__Intestinimonas;s__Intestinimonas_butyriciproducens	1.0	1.0	1.0	1.0	254.0	1.0	1.0	1.0	1.0	14.0
d__Bacteria;p__Firmicutes;c__Clostridia;o__Oscillospirales;f__Oscillospiraceae;g__Intestinimonas;s__Intestinimonas_timonensis	1.0	1.0	1.0	1.0	55.0	1.0	1.0	1.0	1.0	1.0
d__Bacteria;p__Firmicutes;c__Clostridia;o__Oscillospirales;f__Oscillospiraceae;g__NK4A214_group;__	1.0	1.0	1.0	18.0	463.0	1.0	1.0	1.0	44.0	377.0
d__Bacteria;p__Firmicutes;c__Clostridia;o__Oscillospirales;f__Oscillospiraceae;g__Oscillibacter;__	1.0	1.0	1.0	26.0	521.0	1.0	1.0	1.0	9.5	76.0
d__Bacteria;p__Firmicutes;c__Clostridia;o__Oscillospirales;f__Oscillospiraceae;g__Oscillibacter;s__human_gut	1.0	1.0	1.0	1.0	19.0	1.0	1.0	1.0	1.0	22.0
d__Bacteria;p__Firmicutes;c__Clostridia;o__Oscillospirales;f__Oscillospiraceae;g__UCG_002;__	1.0	1.0	6.5	141.75	1415.0	1.0	1.0	51.0	215.0	1086.0
d__Bacteria;p__Firmicutes;c__Clostridia;o__Oscillospirales;f__Oscillospiraceae;g__UCG_003;__	1.0	1.0	1.0	1.0	83.0	1.0	1.0	1.0	9.5	53.0
d__Bacteria;p__Firmicutes;c__Clostridia;o__Oscillospirales;f__Oscillospiraceae;g__UCG_005;__	1.0	1.0	1.0	27.25	964.0	1.0	1.0	1.0	64.0	565.0
d__Bacteria;p__Firmicutes;c__Clostridia;o__Oscillospirales;f__Oscillospirales;g__Hydrogenoanaerobacterium;s__Selenomonadales_bacterium	1.0	1.0	1.0	1.0	33.0	1.0	1.0	1.0	1.0	1.0
d__Bacteria;p__Firmicutes;c__Clostridia;o__Oscillospirales;f__Ruminococcaceae;__;__	1.0	1.0	47.5	184.75	2277.0	1.0	1.0	37.0	166.5	1282.0
d__Bacteria;p__Firmicutes;c__Clostridia;o__Oscillospirales;f__Ruminococcaceae;g__Anaerofilum;__	1.0	1.0	1.0	1.0	18.0	1.0	1.0	1.0	1.0	10.0
d__Bacteria;p__Firmicutes;c__Clostridia;o__Oscillospirales;f__Ruminococcaceae;g__Anaerotruncus;__	1.0	1.0	1.0	7.0	165.0	1.0	1.0	1.0	1.0	69.0
d__Bacteria;p__Firmicutes;c__Clostridia;o__Oscillospirales;f__Ruminococcaceae;g__Anaerotruncus;s__Anaerotruncus_sp.	1.0	1.0	1.0	1.0	236.0	1.0	1.0	1.0	1.0	1.0
d__Bacteria;p__Firmicutes;c__Clostridia;o__Oscillospirales;f__Ruminococcaceae;g__CAG_352;__	1.0	1.0	1.0	1.0	14203.0	1.0	1.0	1.0	9.5	5166.0
d__Bacteria;p__Firmicutes;c__Clostridia;o__Oscillospirales;f__Ruminococcaceae;g__Candidatus_Soleaferrea;__	1.0	1.0	1.0	1.0	14.0	1.0	1.0	1.0	1.0	5.0
d__Bacteria;p__Firmicutes;c__Clostridia;o__Oscillospirales;f__Ruminococcaceae;g__Candidatus_Soleaferrea;s__Ruminococcaceae_bacterium	1.0	1.0	1.0	1.0	153.0	1.0	1.0	1.0	1.0	51.0
d__Bacteria;p__Firmicutes;c__Clostridia;o__Oscillospirales;f__Ruminococcaceae;g__DTU089;__	1.0	1.0	1.0	4.25	225.0	1.0	1.0	1.0	1.0	55.0
d__Bacteria;p__Firmicutes;c__Clostridia;o__Oscillospirales;f__Ruminococcaceae;g__Faecalibacterium;__	1.0	1.0	96.0	438.75	10286.0	1.0	387.0	2022.0	4774.0	25792.0
d__Bacteria;p__Firmicutes;c__Clostridia;o__Oscillospirales;f__Ruminococcaceae;g__Fournierella;__	1.0	1.0	1.0	1.0	107.0	1.0	1.0	1.0	1.0	33.0
d__Bacteria;p__Firmicutes;c__Clostridia;o__Oscillospirales;f__Ruminococcaceae;g__Harryflintia;s__Harryflintia_acetispora	1.0	1.0	1.0	1.0	27.0	1.0	1.0	1.0	1.0	11.0
d__Bacteria;p__Firmicutes;c__Clostridia;o__Oscillospirales;f__Ruminococcaceae;g__Incertae_Sedis;__	1.0	2.5	15.0	48.75	785.0	1.0	1.0	8.0	17.5	357.0
d__Bacteria;p__Firmicutes;c__Clostridia;o__Oscillospirales;f__Ruminococcaceae;g__Incertae_Sedis;s__Clostridium_jeddahense	1.0	1.0	1.0	1.0	138.0	1.0	1.0	1.0	1.0	1.0
d__Bacteria;p__Firmicutes;c__Clostridia;o__Oscillospirales;f__Ruminococcaceae;g__Incertae_Sedis;s___Clostridium__leptum	1.0	1.0	1.0	8.0	231.0	1.0	1.0	1.0	1.0	80.0
d__Bacteria;p__Firmicutes;c__Clostridia;o__Oscillospirales;f__Ruminococcaceae;g__Negativibacillus;__	1.0	1.0	1.0	1.0	103.0	1.0	1.0	1.0	1.0	60.0
d__Bacteria;p__Firmicutes;c__Clostridia;o__Oscillospirales;f__Ruminococcaceae;g__Paludicola;__	1.0	1.0	1.0	1.0	197.0	1.0	1.0	1.0	1.0	6.0
d__Bacteria;p__Firmicutes;c__Clostridia;o__Oscillospirales;f__Ruminococcaceae;g__Paludicola;s__Ruminococcaceae_bacterium	1.0	1.0	1.0	1.0	8.0	1.0	1.0	1.0	1.0	30.0
d__Bacteria;p__Firmicutes;c__Clostridia;o__Oscillospirales;f__Ruminococcaceae;g__Phocea;__	1.0	1.0	1.0	1.0	15.0	1.0	1.0	1.0	1.0	27.0
d__Bacteria;p__Firmicutes;c__Clostridia;o__Oscillospirales;f__Ruminococcaceae;g__Pygmaiobacter;__	1.0	1.0	1.0	1.0	217.0	1.0	1.0	1.0	1.0	23.0
d__Bacteria;p__Firmicutes;c__Clostridia;o__Oscillospirales;f__Ruminococcaceae;g__Ruminococcus;__	1.0	1.0	1.0	11.25	1283.0	1.0	1.0	1.0	25.5	540.0
d__Bacteria;p__Firmicutes;c__Clostridia;o__Oscillospirales;f__Ruminococcaceae;g__Ruminococcus;s__Clostridiaceae_bacterium	1.0	1.0	1.0	1.0	409.0	1.0	1.0	1.0	1.0	25.0
d__Bacteria;p__Firmicutes;c__Clostridia;o__Oscillospirales;f__Ruminococcaceae;g__Ruminococcus;s__Ruminococcus_bicirculans	1.0	1.0	1.0	2.0	1100.0	1.0	1.0	1.0	70.0	732.0
d__Bacteria;p__Firmicutes;c__Clostridia;o__Oscillospirales;f__Ruminococcaceae;g__Ruminococcus;s__Ruminococcus_callidus	1.0	1.0	1.0	1.0	87.0	1.0	1.0	1.0	29.5	145.0
d__Bacteria;p__Firmicutes;c__Clostridia;o__Oscillospirales;f__Ruminococcaceae;g__Ruminococcus;s__Ruminococcus_flavefaciens	1.0	1.0	1.0	1.0	5.0	1.0	1.0	1.0	1.0	76.0
d__Bacteria;p__Firmicutes;c__Clostridia;o__Oscillospirales;f__Ruminococcaceae;g__Subdoligranulum;__	1.0	5.75	180.0	2230.25	23747.0	1.0	116.5	1066.0	3019.0	20245.0
d__Bacteria;p__Firmicutes;c__Clostridia;o__Oscillospirales;f__Ruminococcaceae;g__UBA1819;__	1.0	1.0	41.5	166.0	2128.0	1.0	1.0	13.0	29.0	419.0
d__Bacteria;p__Firmicutes;c__Clostridia;o__Oscillospirales;f__Ruminococcaceae;g___Eubacterium__siraeum_group;__	1.0	1.0	1.0	1.0	173.0	1.0	1.0	1.0	1.0	26.0
d__Bacteria;p__Firmicutes;c__Clostridia;o__Oscillospirales;f__Ruminococcaceae;g___Eubacterium__siraeum_group;s___Eubacterium__siraeum	1.0	1.0	1.0	1.0	1037.0	1.0	1.0	1.0	1.0	284.0
d__Bacteria;p__Firmicutes;c__Clostridia;o__Oscillospirales;f__UCG_010;g__UCG_010;__	1.0	1.0	1.0	1.0	358.0	1.0	1.0	1.0	1.0	173.0
d__Bacteria;p__Firmicutes;c__Clostridia;o__Oscillospirales;f___Clostridium__methylpentosum_group;g___Clostridium__methylpentosum_group;s__Ruminococcus_sp.	1.0	1.0	1.0	1.0	14.0	1.0	1.0	1.0	1.0	1.0
d__Bacteria;p__Firmicutes;c__Clostridia;o__Oscillospirales;f___Clostridium__methylpentosum_group;g___Clostridium__methylpentosum_group;s___Clostridium__methylpentosum	1.0	1.0	1.0	1.0	37.0	1.0	1.0	1.0	1.0	9.0
d__Bacteria;p__Firmicutes;c__Clostridia;o__Oscillospirales;f___Eubacterium__coprostanoligenes_group;g___Eubacterium__coprostanoligenes_group;__	1.0	1.0	36.0	273.25	1782.0	1.0	1.0	120.0	479.0	4009.0
d__Bacteria;p__Firmicutes;c__Clostridia;o__Oscillospirales;f___Eubacterium__coprostanoligenes_group;g___Eubacterium__coprostanoligenes_group;s__human_gut	1.0	1.0	1.0	1.0	1280.0	1.0	1.0	1.0	5.0	1333.0
d__Bacteria;p__Firmicutes;c__Clostridia;o__Peptococcales;f__Peptococcaceae;__;__	1.0	1.0	1.0	1.0	39.0	1.0	1.0	1.0	1.0	9.0
d__Bacteria;p__Firmicutes;c__Clostridia;o__Peptococcales;f__Peptococcaceae;g__Peptococcus;__	1.0	1.0	1.0	1.0	8.0	1.0	1.0	1.0	1.0	257.0
d__Bacteria;p__Firmicutes;c__Clostridia;o__Peptostreptococcales_Tissierellales;f__Anaerovoracaceae;__;__	1.0	1.0	1.0	1.0	686.0	1.0	1.0	1.0	1.0	5.0
d__Bacteria;p__Firmicutes;c__Clostridia;o__Peptostreptococcales_Tissierellales;f__Anaerovoracaceae;g__Family_XIII_AD3011_group;__	1.0	1.0	2.5	24.25	392.0	1.0	1.0	1.0	6.0	66.0
d__Bacteria;p__Firmicutes;c__Clostridia;o__Peptostreptococcales_Tissierellales;f__Anaerovoracaceae;g__Family_XIII_UCG_001;__	1.0	1.0	1.0	1.0	97.0	1.0	1.0	1.0	1.0	17.0
d__Bacteria;p__Firmicutes;c__Clostridia;o__Peptostreptococcales_Tissierellales;f__Anaerovoracaceae;g___Eubacterium__brachy_group;__	1.0	1.0	1.0	1.0	39.0	1.0	1.0	1.0	1.0	22.0
d__Bacteria;p__Firmicutes;c__Clostridia;o__Peptostreptococcales_Tissierellales;f__Anaerovoracaceae;g___Eubacterium__nodatum_group;__	1.0	1.0	1.0	1.0	65.0	1.0	1.0	1.0	1.0	66.0
d__Bacteria;p__Firmicutes;c__Clostridia;o__Peptostreptococcales_Tissierellales;f__Anaerovoracaceae;g___Eubacterium__nodatum_group;s__Eubacterium_sulci	1.0	1.0	1.0	1.0	12.0	1.0	1.0	1.0	1.0	34.0
d__Bacteria;p__Firmicutes;c__Clostridia;o__Peptostreptococcales_Tissierellales;f__Anaerovoracaceae;g___Eubacterium__nodatum_group;s__Ihubacter_massiliensis	1.0	1.0	1.0	1.0	13.0	1.0	1.0	1.0	1.0	1.0
d__Bacteria;p__Firmicutes;c__Clostridia;o__Peptostreptococcales_Tissierellales;f__Peptostreptococcaceae;g__Clostridioides;__	1.0	1.0	1.0	1.0	2451.0	1.0	1.0	1.0	1.0	1.0
d__Bacteria;p__Firmicutes;c__Clostridia;o__Peptostreptococcales_Tissierellales;f__Peptostreptococcaceae;g__Intestinibacter;__	1.0	1.0	1.0	18.0	493.0	1.0	1.0	10.0	50.0	393.0
d__Bacteria;p__Firmicutes;c__Clostridia;o__Peptostreptococcales_Tissierellales;f__Peptostreptococcaceae;g__Peptostreptococcus;__	1.0	1.0	1.0	1.0	4.0	1.0	1.0	1.0	1.0	20.0
d__Bacteria;p__Firmicutes;c__Clostridia;o__Peptostreptococcales_Tissierellales;f__Peptostreptococcaceae;g__Romboutsia;__	1.0	1.0	5.0	34.25	1302.0	1.0	9.0	30.0	156.5	3801.0
d__Bacteria;p__Firmicutes;c__Clostridia;o__Peptostreptococcales_Tissierellales;f__Peptostreptococcaceae;g__Romboutsia;s__Romboutsia_hominis	1.0	1.0	1.0	1.0	1.0	1.0	1.0	1.0	1.0	98.0
d__Bacteria;p__Firmicutes;c__Clostridia;o__Peptostreptococcales_Tissierellales;f__Peptostreptococcaceae;g__Terrisporobacter;__	1.0	1.0	1.0	1.0	78.0	1.0	1.0	1.0	1.0	68.0
d__Bacteria;p__Firmicutes;c__Clostridia;o__Peptostreptococcales_Tissierellales;f__Peptostreptococcales_Tissierellales;g__Anaerococcus;__	1.0	1.0	1.0	1.0	125.0	1.0	1.0	1.0	1.0	51.0
d__Bacteria;p__Firmicutes;c__Clostridia;o__Peptostreptococcales_Tissierellales;f__Peptostreptococcales_Tissierellales;g__Anaerococcus;s__Anaerococcus_prevotii	1.0	1.0	1.0	1.0	26.0	1.0	1.0	1.0	1.0	1.0
d__Bacteria;p__Firmicutes;c__Clostridia;o__Peptostreptococcales_Tissierellales;f__Peptostreptococcales_Tissierellales;g__Anaerococcus;s__Anaerococcus_vaginalis	1.0	1.0	1.0	1.0	15.0	1.0	1.0	1.0	1.0	8.0
d__Bacteria;p__Firmicutes;c__Clostridia;o__Peptostreptococcales_Tissierellales;f__Peptostreptococcales_Tissierellales;g__Ezakiella;__	1.0	1.0	1.0	1.0	132.0	1.0	1.0	1.0	1.0	22.0
d__Bacteria;p__Firmicutes;c__Clostridia;o__Peptostreptococcales_Tissierellales;f__Peptostreptococcales_Tissierellales;g__Fenollaria;__	1.0	1.0	1.0	1.0	505.0	1.0	1.0	1.0	1.0	49.0
d__Bacteria;p__Firmicutes;c__Clostridia;o__Peptostreptococcales_Tissierellales;f__Peptostreptococcales_Tissierellales;g__Finegoldia;__	1.0	1.0	1.0	1.0	63.0	1.0	1.0	1.0	1.0	9.0
d__Bacteria;p__Firmicutes;c__Clostridia;o__Peptostreptococcales_Tissierellales;f__Peptostreptococcales_Tissierellales;g__Murdochiella;s__Murdochiella_asaccharolytica	1.0	1.0	1.0	1.0	113.0	1.0	1.0	1.0	1.0	149.0
d__Bacteria;p__Firmicutes;c__Clostridia;o__Peptostreptococcales_Tissierellales;f__Peptostreptococcales_Tissierellales;g__Parvimonas;__	1.0	1.0	1.0	1.0	129.0	1.0	1.0	1.0	1.0	4.0
d__Bacteria;p__Firmicutes;c__Clostridia;o__Peptostreptococcales_Tissierellales;f__Peptostreptococcales_Tissierellales;g__Peptoniphilus;__	1.0	1.0	1.0	1.0	257.0	1.0	1.0	1.0	1.0	56.0
d__Bacteria;p__Firmicutes;c__Clostridia;o__Peptostreptococcales_Tissierellales;f__Peptostreptococcales_Tissierellales;g__Peptoniphilus;s__Peptoniphilus_lacrimalis	1.0	1.0	1.0	1.0	31.0	1.0	1.0	1.0	1.0	40.0
d__Bacteria;p__Firmicutes;c__Clostridia;o__Peptostreptococcales_Tissierellales;f__Peptostreptococcales_Tissierellales;g__Peptoniphilus;s__Peptoniphilus_urinimassiliensis	1.0	1.0	1.0	1.0	4.0	1.0	1.0	1.0	1.0	37.0
d__Bacteria;p__Firmicutes;c__Clostridia;o__Peptostreptococcales_Tissierellales;f__Peptostreptococcales_Tissierellales;g__Tepidimicrobium;s__Clostridium_sp.	1.0	1.0	1.0	1.0	461.0	1.0	1.0	1.0	1.0	1.0
d__Bacteria;p__Firmicutes;c__Incertae_Sedis;o__DTU014;f__DTU014;g__DTU014;__	1.0	1.0	1.0	1.0	16.0	1.0	1.0	1.0	1.0	6.0
d__Bacteria;p__Firmicutes;c__Negativicutes;o__Acidaminococcales;f__Acidaminococcaceae;g__Acidaminococcus;s__Acidaminococcus_sp.	1.0	1.0	1.0	1.0	2996.0	1.0	1.0	1.0	1.0	48.0
d__Bacteria;p__Firmicutes;c__Negativicutes;o__Acidaminococcales;f__Acidaminococcaceae;g__Phascolarctobacterium;__	1.0	1.0	1.0	41.5	1169.0	1.0	1.0	4.0	34.0	1070.0
d__Bacteria;p__Firmicutes;c__Negativicutes;o__Veillonellales_Selenomonadales;f__Selenomonadaceae;g__Megamonas;__	1.0	1.0	1.0	1.0	2859.0	1.0	1.0	1.0	1.0	486.0
d__Bacteria;p__Firmicutes;c__Negativicutes;o__Veillonellales_Selenomonadales;f__Selenomonadaceae;g__Megamonas;s__Megamonas_funiformis	1.0	1.0	1.0	1.0	16.0	1.0	1.0	1.0	1.0	176.0
d__Bacteria;p__Firmicutes;c__Negativicutes;o__Veillonellales_Selenomonadales;f__Selenomonadaceae;g__Mitsuokella;__	1.0	1.0	1.0	1.0	59.0	1.0	1.0	1.0	1.0	1453.0
d__Bacteria;p__Firmicutes;c__Negativicutes;o__Veillonellales_Selenomonadales;f__Veillonellaceae;g__Allisonella;__	1.0	1.0	1.0	1.0	68.0	1.0	1.0	1.0	1.0	158.0
d__Bacteria;p__Firmicutes;c__Negativicutes;o__Veillonellales_Selenomonadales;f__Veillonellaceae;g__Anaeroglobus;s__Anaeroglobus_geminatus	1.0	1.0	1.0	1.0	1918.0	1.0	1.0	1.0	1.0	52.0
d__Bacteria;p__Firmicutes;c__Negativicutes;o__Veillonellales_Selenomonadales;f__Veillonellaceae;g__Dialister;__	1.0	1.0	1.0	9.25	1809.0	1.0	1.0	4.0	159.0	6366.0
d__Bacteria;p__Firmicutes;c__Negativicutes;o__Veillonellales_Selenomonadales;f__Veillonellaceae;g__Dialister;s__Dialister_invisus	1.0	1.0	1.0	1.0	1.0	1.0	1.0	1.0	1.0	226.0
d__Bacteria;p__Firmicutes;c__Negativicutes;o__Veillonellales_Selenomonadales;f__Veillonellaceae;g__Dialister;s__Dialister_pneumosintes	1.0	1.0	1.0	1.0	31.0	1.0	1.0	1.0	1.0	1.0
d__Bacteria;p__Firmicutes;c__Negativicutes;o__Veillonellales_Selenomonadales;f__Veillonellaceae;g__Dialister;s__Dialister_propionicifaciens	1.0	1.0	1.0	1.0	84.0	1.0	1.0	1.0	1.0	59.0
d__Bacteria;p__Firmicutes;c__Negativicutes;o__Veillonellales_Selenomonadales;f__Veillonellaceae;g__Megasphaera;__	1.0	1.0	1.0	12.5	2429.0	1.0	1.0	1.0	1.0	1044.0
d__Bacteria;p__Firmicutes;c__Negativicutes;o__Veillonellales_Selenomonadales;f__Veillonellaceae;g__Megasphaera;s__Megasphaera_elsdenii	1.0	1.0	1.0	1.0	58.0	1.0	1.0	1.0	1.0	29.0
d__Bacteria;p__Firmicutes;c__Negativicutes;o__Veillonellales_Selenomonadales;f__Veillonellaceae;g__Megasphaera;s__Megasphaera_hexanoica	1.0	1.0	1.0	1.0	78.0	1.0	1.0	1.0	1.0	4889.0
d__Bacteria;p__Firmicutes;c__Negativicutes;o__Veillonellales_Selenomonadales;f__Veillonellaceae;g__Megasphaera;s__Megasphaera_micronuciformis	1.0	1.0	1.0	1.0	112.0	1.0	1.0	1.0	1.0	17.0
d__Bacteria;p__Firmicutes;c__Negativicutes;o__Veillonellales_Selenomonadales;f__Veillonellaceae;g__Veillonella;__	1.0	1.0	1.0	22.25	10152.0	1.0	1.0	1.0	24.5	1903.0
d__Bacteria;p__Firmicutes;c__Negativicutes;o__Veillonellales_Selenomonadales;f__Veillonellaceae;g__Veillonella;s__Veillonella_magna	1.0	1.0	1.0	1.0	74.0	1.0	1.0	1.0	1.0	2423.0
d__Bacteria;p__Fusobacteriota;c__Fusobacteriia;o__Fusobacteriales;f__Fusobacteriaceae;g__Cetobacterium;__	1.0	1.0	1.0	1.0	5317.0	1.0	1.0	1.0	1.0	1.0
d__Bacteria;p__Fusobacteriota;c__Fusobacteriia;o__Fusobacteriales;f__Fusobacteriaceae;g__Fusobacterium;__	1.0	1.0	1.0	1.0	201.0	1.0	1.0	1.0	1.0	1773.0
d__Bacteria;p__Fusobacteriota;c__Fusobacteriia;o__Fusobacteriales;f__Fusobacteriaceae;g__Fusobacterium;s__Fusobacterium_mortiferum	1.0	1.0	1.0	1.0	14.0	1.0	1.0	1.0	1.0	64.0
d__Bacteria;p__Patescibacteria;c__Saccharimonadia;o__Saccharimonadales;f__Saccharimonadaceae;g__Saccharimonadaceae;__	1.0	1.0	1.0	4.5	267.0	1.0	1.0	1.0	2.5	52.0
d__Bacteria;p__Patescibacteria;c__Saccharimonadia;o__Saccharimonadales;f__Saccharimonadaceae;g__TM7x;__	1.0	1.0	1.0	1.0	81.0	1.0	1.0	1.0	3.5	124.0
d__Bacteria;p__Patescibacteria;c__Saccharimonadia;o__Saccharimonadales;f__Saccharimonadales;g__Saccharimonadales;s__Candidatus_Saccharibacteria	1.0	1.0	1.0	1.0	123.0	1.0	1.0	1.0	1.0	9.0
d__Bacteria;p__Patescibacteria;c__Saccharimonadia;o__Saccharimonadales;f__Saccharimonadales;g__Saccharimonadales;s__TM7_phylum	1.0	1.0	1.0	1.0	31.0	1.0	1.0	1.0	1.0	44.0
d__Bacteria;p__Proteobacteria;c__Alphaproteobacteria;o__Caulobacterales;f__Hyphomonadaceae;__;__	1.0	1.0	1.0	1.0	78.0	1.0	1.0	1.0	1.0	10.0
d__Bacteria;p__Proteobacteria;c__Alphaproteobacteria;o__Rhizobiales;f__Devosiaceae;g__Pelagibacterium;__	1.0	1.0	1.0	4.25	193.0	1.0	1.0	1.0	1.0	18.0
d__Bacteria;p__Proteobacteria;c__Alphaproteobacteria;o__Rhizobiales;f__Rhizobiaceae;__;__	1.0	1.0	1.0	4.25	147.0	1.0	1.0	1.0	1.0	19.0
d__Bacteria;p__Proteobacteria;c__Alphaproteobacteria;o__Rhodospirillales;__;__;__	1.0	1.0	1.0	1.0	65.0	1.0	1.0	1.0	1.0	1.0
d__Bacteria;p__Proteobacteria;c__Alphaproteobacteria;o__Sphingomonadales;f__Sphingomonadaceae;g__Sphingomonas;__	1.0	1.0	1.0	1.0	20.0	1.0	1.0	1.0	1.0	1.0
d__Bacteria;p__Proteobacteria;c__Gammaproteobacteria;__;__;__;__	1.0	1.0	1.0	1.0	62.0	1.0	1.0	1.0	1.0	1.0
d__Bacteria;p__Proteobacteria;c__Gammaproteobacteria;o__Burkholderiales;f__Comamonadaceae;g__Curvibacter;__	1.0	1.0	1.0	1.0	20.0	1.0	1.0	1.0	1.0	1.0
d__Bacteria;p__Proteobacteria;c__Gammaproteobacteria;o__Burkholderiales;f__Oxalobacteraceae;g__Oxalobacter;s__Oxalobacter_formigenes	1.0	1.0	1.0	1.0	4.0	1.0	1.0	1.0	1.0	32.0
d__Bacteria;p__Proteobacteria;c__Gammaproteobacteria;o__Burkholderiales;f__Sutterellaceae;g__Parasutterella;__	1.0	1.0	1.0	1.0	339.0	1.0	1.0	1.0	5.0	1741.0
d__Bacteria;p__Proteobacteria;c__Gammaproteobacteria;o__Burkholderiales;f__Sutterellaceae;g__Parasutterella;s__Burkholderiales_bacterium	1.0	1.0	1.0	1.0	25.0	1.0	1.0	1.0	1.0	1.0
d__Bacteria;p__Proteobacteria;c__Gammaproteobacteria;o__Burkholderiales;f__Sutterellaceae;g__Sutterella;__	1.0	1.0	1.0	1.0	56.0	1.0	1.0	1.0	1.0	11.0
d__Bacteria;p__Proteobacteria;c__Gammaproteobacteria;o__Burkholderiales;f__Sutterellaceae;g__Sutterella;s__Sutterella_wadsworthensis	1.0	1.0	1.0	1.0	307.0	1.0	1.0	1.0	1.0	1.0
d__Bacteria;p__Proteobacteria;c__Gammaproteobacteria;o__Burkholderiales;f__Sutterellaceae;g__Sutterella;s__Sutturella_timonensis	1.0	1.0	1.0	1.0	1.0	1.0	1.0	1.0	1.0	23.0
d__Bacteria;p__Proteobacteria;c__Gammaproteobacteria;o__Enterobacterales;__;__;__	1.0	1.0	1.0	1.0	35.0	1.0	1.0	1.0	1.0	63.0
d__Bacteria;p__Proteobacteria;c__Gammaproteobacteria;o__Enterobacterales;f__Enterobacteriaceae;__;__	1.0	1.0	42.5	422.75	23929.0	1.0	15.0	65.0	647.0	17940.0
d__Bacteria;p__Proteobacteria;c__Gammaproteobacteria;o__Enterobacterales;f__Enterobacteriaceae;g__Enterobacter;__	1.0	1.0	1.0	15.25	6730.0	1.0	1.0	1.0	36.0	8901.0
d__Bacteria;p__Proteobacteria;c__Gammaproteobacteria;o__Enterobacterales;f__Enterobacteriaceae;g__Escherichia_Shigella;__	1.0	34.25	175.0	1872.0	18900.0	1.0	21.5	89.0	574.0	27168.0
d__Bacteria;p__Proteobacteria;c__Gammaproteobacteria;o__Enterobacterales;f__Enterobacteriaceae;g__Klebsiella;__	1.0	1.0	20.5	399.0	16178.0	1.0	1.0	16.0	142.0	9414.0
d__Bacteria;p__Proteobacteria;c__Gammaproteobacteria;o__Enterobacterales;f__Enterobacteriaceae;g__Raoultella;__	1.0	1.0	1.0	1.0	53.0	1.0	1.0	1.0	1.0	435.0
d__Bacteria;p__Proteobacteria;c__Gammaproteobacteria;o__Enterobacterales;f__Morganellaceae;g__Morganella;__	1.0	1.0	1.0	1.0	121.0	1.0	1.0	1.0	1.0	1.0
d__Bacteria;p__Proteobacteria;c__Gammaproteobacteria;o__Enterobacterales;f__Morganellaceae;g__Proteus;__	1.0	1.0	1.0	1.0	17.0	1.0	1.0	1.0	1.0	6.0
d__Bacteria;p__Proteobacteria;c__Gammaproteobacteria;o__Oceanospirillales;f__Halomonadaceae;g__Halomonas;__	1.0	1.0	3.0	9.25	719.0	1.0	1.0	1.0	4.0	62.0
d__Bacteria;p__Proteobacteria;c__Gammaproteobacteria;o__Pasteurellales;f__Pasteurellaceae;g__Haemophilus;__	1.0	1.0	1.0	1.0	224.0	1.0	1.0	1.0	6.0	544.0
d__Bacteria;p__Proteobacteria;c__Gammaproteobacteria;o__Vibrionales;f__Vibrionaceae;g__Photobacterium;s__Photobacterium_damselae	1.0	1.0	1.0	1.0	20.0	1.0	1.0	1.0	1.0	1.0
d__Bacteria;p__Proteobacteria;c__Gammaproteobacteria;o__Vibrionales;f__Vibrionaceae;g__Vibrio;__	1.0	1.0	1.0	1.0	27.0	1.0	1.0	1.0	1.0	1.0
d__Bacteria;p__Proteobacteria;c__Gammaproteobacteria;o__Xanthomonadales;f__Xanthomonadaceae;__;__	1.0	1.0	1.0	4.25	364.0	1.0	1.0	1.0	1.0	23.0
d__Bacteria;p__Synergistota;c__Synergistia;o__Synergistales;f__Synergistaceae;__;__	1.0	1.0	1.0	1.0	41.0	1.0	1.0	1.0	1.0	1.0
d__Bacteria;p__Synergistota;c__Synergistia;o__Synergistales;f__Synergistaceae;g__Cloacibacillus;s__Cloacibacillus_evryensis	1.0	1.0	1.0	1.0	89.0	1.0	1.0	1.0	1.0	1.0
d__Bacteria;p__Synergistota;c__Synergistia;o__Synergistales;f__Synergistaceae;g__Pyramidobacter;s__Pyramidobacter_piscolens	1.0	1.0	1.0	1.0	116.0	1.0	1.0	1.0	1.0	31.0
d__Bacteria;p__Verrucomicrobiota;c__Lentisphaeria;o__Victivallales;f__Victivallaceae;g__Victivallaceae;__	1.0	1.0	1.0	1.0	75.0	1.0	1.0	1.0	1.0	1.0
d__Bacteria;p__Verrucomicrobiota;c__Verrucomicrobiae;o__Verrucomicrobiales;f__Akkermansiaceae;g__Akkermansia;__	1.0	4.0	12.0	774.75	24161.0	1.0	1.0	1.0	7.5	4573.0
